Date,ProductID,ProductionVolume,GoodOutput,TotalInput,ActualMachineHours,AvailableMachineHours,TotalCost,UnitsProduced
2024-01-01,1,193,178,204,65,90,7154900.0,193
2024-01-01,2,126,119,130,38,53,4424300.0,126
2024-01-01,3,145,139,149,49,61,1750700.0,145
2024-01-01,4,128,119,138,41,59,5002500.0,128
2024-01-01,5,134,126,141,34,51,818400.0,134
2024-01-01,6,86,81,90,33,42,200900.0,86
2024-01-01,7,141,131,146,49,73,1850800.0,141
2024-01-01,8,143,138,146,36,52,4173200.0,143
2024-01-01,9,48,45,51,18,26,572300.0,48
2024-01-01,10,121,117,131,46,57,4894900.0,121
2024-01-01,11,82,80,84,24,34,1116400.0,82
2024-01-01,12,117,109,121,51,66,1811000.0,117
2024-01-01,13,132,125,141,34,42,5876500.0,132
2024-01-01,14,101,98,106,31,43,3710500.0,101
2024-01-01,15,196,181,202,60,73,3074600.0,196
2024-01-01,16,132,129,138,53,78,7410700.0,132
2024-01-01,17,46,45,47,14,19,305000.0,46
2024-01-01,18,191,176,201,82,98,1118700.0,191
2024-01-01,19,171,159,177,58,77,6009800.0,171
2024-01-01,20,56,55,60,21,31,2250400.0,56
2024-01-01,21,97,93,103,35,50,678000.0,97
2024-01-01,22,178,169,188,60,89,875400.0,178
2024-01-01,23,109,106,117,34,47,5377600.0,109
2024-01-01,24,198,183,203,55,76,8615500.0,198
2024-01-01,25,152,150,157,66,97,4205300.0,152
2024-01-01,26,59,55,60,23,28,211000.0,59
2024-01-01,27,167,162,176,55,73,6482800.0,167
2024-01-01,28,195,181,205,59,77,7937500.0,195
2024-01-01,29,154,142,157,59,81,3430900.0,154
2024-01-01,30,106,101,112,30,39,3509900.0,106
2024-01-01,31,126,122,131,54,79,1221500.0,126
2024-01-01,32,140,134,143,57,73,1468700.0,140
2024-01-01,33,109,103,117,38,51,4131200.0,109
2024-01-01,34,37,36,39,12,16,161800.0,37
2024-01-01,35,159,155,162,44,64,1521000.0,159
2024-01-01,36,133,131,142,56,70,1230700.0,133
2024-01-01,37,104,96,109,33,46,1458500.0,104
2024-01-01,38,43,40,46,14,20,1440400.0,43
2024-01-01,39,68,64,73,28,37,2723100.0,68
2024-01-01,40,198,189,207,80,111,2482000.0,198
2024-01-01,41,56,52,58,25,31,2641500.0,56
2024-01-01,42,158,154,164,65,90,2639600.0,158
2024-01-01,43,31,30,33,8,11,1511300.0,31
2024-01-01,44,131,125,138,47,59,5498300.0,131
2024-01-01,45,177,170,191,60,86,1885800.0,177
2024-01-01,46,99,94,107,33,42,1962600.0,99
2024-01-01,47,138,128,147,60,73,3456400.0,138
2024-01-01,48,88,85,94,28,37,760200.0,88
2024-01-01,49,128,126,135,44,57,4004800.0,128
2024-01-01,50,73,69,76,26,34,1548000.0,73
2024-01-01,51,172,167,178,54,69,4007600.0,172
2024-01-01,52,98,90,104,33,43,5028700.0,98
2024-01-01,53,196,187,209,83,121,4842400.0,196
2024-01-01,54,65,64,67,26,35,2794300.0,65
2024-01-01,55,187,182,199,65,96,1764900.0,187
2024-01-01,56,51,49,55,17,21,2239800.0,51
2024-01-01,57,195,188,208,68,82,6803800.0,195
2024-01-01,58,172,165,183,71,104,3464400.0,172
2024-01-01,59,33,32,34,14,19,917000.0,33
2024-01-01,60,93,91,96,37,47,4150300.0,93
2024-01-01,61,88,83,93,37,47,3509500.0,88
2024-01-01,62,114,112,122,29,42,4523700.0,114
2024-01-01,63,192,187,202,75,99,7656200.0,192
2024-01-01,64,103,98,105,35,52,1822700.0,103
2024-01-01,65,95,93,102,29,39,2419900.0,95
2024-01-01,66,83,81,89,32,43,96100.0,83
2024-01-01,67,145,141,153,37,52,7954500.0,145
2024-01-01,68,112,105,118,31,41,3074700.0,112
2024-01-01,69,199,187,209,65,90,9404200.0,199
2024-01-01,70,180,172,192,77,110,8269100.0,180
2024-01-01,71,108,107,112,40,50,3512700.0,108
2024-01-01,72,100,98,106,30,38,2195900.0,100
2024-01-01,73,183,175,197,72,90,4849000.0,183
2024-01-01,74,82,80,87,30,37,3753300.0,82
2024-01-01,75,175,171,180,48,67,3165400.0,175
2024-01-01,76,37,35,40,16,22,278700.0,37
2024-01-01,77,162,159,174,64,87,7059600.0,162
2024-01-01,78,67,62,72,17,22,984400.0,67
2024-01-01,79,34,31,36,12,16,1416000.0,34
2024-01-01,80,37,35,39,14,19,215800.0,37
2024-01-01,81,153,148,157,55,79,6159300.0,153
2024-01-01,82,128,125,133,55,70,5298600.0,128
2024-01-01,83,111,107,117,30,41,3500100.0,111
2024-01-01,84,153,144,163,62,85,1336000.0,153
2024-01-01,85,110,104,118,40,58,5463800.0,110
2024-01-01,86,38,35,40,17,23,2065100.0,38
2024-01-01,87,76,70,81,23,30,3246900.0,76
2024-01-01,88,127,121,130,32,45,4767400.0,127
2024-01-01,89,129,122,132,33,46,7502100.0,129
2024-01-01,90,106,104,113,41,60,2396500.0,106
2024-01-01,91,102,94,107,32,42,2689700.0,102
2024-01-01,92,181,170,191,47,65,2223300.0,181
2024-01-01,93,173,168,181,62,80,326100.0,173
2024-01-01,94,166,161,175,55,72,2126600.0,166
2024-01-01,95,33,32,35,12,16,44700.0,33
2024-01-01,96,60,57,65,23,31,246600.0,60
2024-01-01,97,123,113,131,41,54,6416200.0,123
2024-01-01,98,175,167,182,68,86,716600.0,175
2024-01-01,99,52,48,56,21,27,873600.0,52
2024-01-01,100,191,183,201,81,106,2206200.0,191
2024-01-01,101,50,48,51,22,32,1873300.0,50
2024-01-01,102,65,64,69,21,28,2243000.0,65
2024-01-01,103,60,57,63,23,32,2294200.0,60
2024-01-01,104,105,99,108,28,38,1223300.0,105
2024-01-01,105,195,187,202,72,99,7613000.0,195
2024-01-01,106,141,132,145,52,70,3261400.0,141
2024-01-01,107,49,47,52,21,31,2126500.0,49
2024-01-01,108,123,115,126,51,67,4216000.0,123
2024-01-01,109,154,151,157,52,70,822200.0,154
2024-01-01,110,177,165,190,57,83,7239800.0,177
2024-01-01,111,34,34,35,13,16,497100.0,34
2024-01-01,112,117,111,126,40,51,3089900.0,117
2024-02-01,1,150,148,158,65,90,5625400.0,150
2024-02-01,2,101,93,104,36,53,4306400.0,101
2024-02-01,3,76,71,79,26,32,1067900.0,76
2024-02-01,4,48,45,52,21,30,1687000.0,48
2024-02-01,5,153,141,163,67,93,892600.0,153
2024-02-01,6,45,42,47,20,28,127900.0,45
2024-02-01,7,57,56,60,18,24,747300.0,57
2024-02-01,8,41,40,42,17,24,1185100.0,41
2024-02-01,9,175,163,179,60,87,2024200.0,175
2024-02-01,10,33,30,35,14,20,1285300.0,33
2024-02-01,11,159,153,165,62,87,1848000.0,159
2024-02-01,12,195,181,206,67,92,3063100.0,195
2024-02-01,13,135,127,143,41,55,4970700.0,135
2024-02-01,14,52,51,56,18,22,1931400.0,52
2024-02-01,15,109,106,112,47,67,1509300.0,109
2024-02-01,16,96,91,99,39,55,4770600.0,96
2024-02-01,17,76,70,82,22,32,508100.0,76
2024-02-01,18,122,116,128,52,66,797200.0,122
2024-02-01,19,68,65,70,29,43,2171600.0,68
2024-02-01,20,139,132,147,41,58,5097500.0,139
2024-02-01,21,106,104,111,38,57,753900.0,106
2024-02-01,22,88,83,95,38,57,423900.0,88
2024-02-01,23,65,62,68,17,25,3171000.0,65
2024-02-01,24,42,40,44,13,16,2198200.0,42
2024-02-01,25,70,65,72,29,40,2195700.0,70
2024-02-01,26,115,113,120,30,42,363500.0,115
2024-02-01,27,37,36,39,16,20,1375700.0,37
2024-02-01,28,55,52,58,18,25,2618200.0,55
2024-02-01,29,66,62,68,29,41,1222900.0,66
2024-02-01,30,75,70,77,30,39,2395900.0,75
2024-02-01,31,98,95,100,28,34,832200.0,98
2024-02-01,32,64,60,69,26,38,734000.0,64
2024-02-01,33,45,41,48,18,25,1508100.0,45
2024-02-01,34,111,103,115,44,55,567600.0,111
2024-02-01,35,197,191,208,67,98,1870600.0,197
2024-02-01,36,142,133,153,49,70,1405800.0,142
2024-02-01,37,63,60,66,27,38,965400.0,63
2024-02-01,38,123,119,132,47,68,4043800.0,123
2024-02-01,39,130,122,138,38,49,5022800.0,130
2024-02-01,40,82,79,86,21,27,1166700.0,82
2024-02-01,41,84,80,88,33,47,3229700.0,84
2024-02-01,42,168,158,178,45,57,2602200.0,168
2024-02-01,43,187,180,193,67,87,9626200.0,187
2024-02-01,44,125,121,130,32,42,5182200.0,125
2024-02-01,45,134,132,141,49,68,1576700.0,134
2024-02-01,46,139,137,149,50,61,2915800.0,139
2024-02-01,47,142,135,145,55,70,3514400.0,142
2024-02-01,48,98,95,101,42,53,749100.0,98
2024-02-01,49,103,97,109,46,67,2649000.0,103
2024-02-01,50,130,124,136,55,69,2905600.0,130
2024-02-01,51,85,79,88,21,28,2064100.0,85
2024-02-01,52,110,103,118,32,39,5882100.0,110
2024-02-01,53,77,74,81,29,40,2259300.0,77
2024-02-01,54,86,84,89,36,44,3669900.0,86
2024-02-01,55,38,36,40,16,23,302700.0,38
2024-02-01,56,92,85,98,33,49,3896700.0,92
2024-02-01,57,92,85,99,25,33,2910200.0,92
2024-02-01,58,64,62,65,27,35,1488400.0,64
2024-02-01,59,146,138,157,53,76,4213200.0,146
2024-02-01,60,112,110,120,30,41,5253400.0,112
2024-02-01,61,138,130,144,41,60,4930700.0,138
2024-02-01,62,75,73,80,21,28,2751100.0,75
2024-02-01,63,49,46,53,21,30,1789700.0,49
2024-02-01,64,143,133,153,60,76,2833900.0,143
2024-02-01,65,31,29,32,14,17,784300.0,31
2024-02-01,66,199,185,207,86,123,225100.0,199
2024-02-01,67,155,150,164,56,74,8536100.0,155
2024-02-01,68,158,150,166,50,68,4574800.0,158
2024-02-01,69,110,106,115,49,61,5334800.0,110
2024-02-01,70,127,122,130,33,49,5479800.0,127
2024-02-01,71,90,86,96,35,51,2636300.0,90
2024-02-01,72,126,121,130,54,73,2372600.0,126
2024-02-01,73,160,150,172,50,61,4199100.0,160
2024-02-01,74,161,150,171,56,67,7260100.0,161
2024-02-01,75,84,81,88,32,46,1403700.0,84
2024-02-01,76,199,196,204,53,68,1500400.0,199
2024-02-01,77,197,184,202,79,107,8358200.0,197
2024-02-01,78,137,135,148,50,71,1929800.0,137
2024-02-01,79,62,60,66,17,24,3231500.0,62
2024-02-01,80,100,99,106,29,36,572100.0,100
2024-02-01,81,157,148,169,61,75,6621200.0,157
2024-02-01,82,79,73,84,22,27,3101600.0,79
2024-02-01,83,42,40,44,11,16,1327900.0,42
2024-02-01,84,182,170,195,62,81,1908700.0,182
2024-02-01,85,54,52,56,22,31,2599000.0,54
2024-02-01,86,183,170,194,76,114,8419900.0,183
2024-02-01,87,106,100,112,45,56,4535600.0,106
2024-02-01,88,165,154,178,42,54,6993200.0,165
2024-02-01,89,168,164,172,55,69,9026900.0,168
2024-02-01,90,81,80,85,20,24,1618000.0,81
2024-02-01,91,124,122,130,55,72,3369100.0,124
2024-02-01,92,40,38,42,17,21,509000.0,40
2024-02-01,93,130,123,133,48,69,286400.0,130
2024-02-01,94,106,102,111,36,54,1432200.0,106
2024-02-01,95,184,179,196,67,87,230000.0,184
2024-02-01,96,184,174,193,51,64,671500.0,184
2024-02-01,97,60,56,65,18,26,3006100.0,60
2024-02-01,98,117,115,123,37,52,489400.0,117
2024-02-01,99,161,158,170,71,97,2491300.0,161
2024-02-01,100,182,180,192,72,106,2020100.0,182
2024-02-01,101,91,88,98,36,50,3580500.0,91
2024-02-01,102,127,119,131,40,51,3591200.0,127
2024-02-01,103,102,101,110,29,38,3817700.0,102
2024-02-01,104,166,155,172,73,108,1603700.0,166
2024-02-01,105,91,84,97,29,41,3213100.0,91
2024-02-01,106,37,35,39,12,16,900000.0,37
2024-02-01,107,174,168,183,71,94,8411400.0,174
2024-02-01,108,98,95,106,42,55,3279100.0,98
2024-02-01,109,91,87,96,41,53,536700.0,91
2024-02-01,110,182,177,190,75,100,7777100.0,182
2024-02-01,111,62,57,65,20,27,948800.0,62
2024-02-01,112,176,166,188,66,98,5102800.0,176
2024-03-01,1,117,109,122,33,47,3890500.0,117
2024-03-01,2,127,120,136,36,52,4717800.0,127
2024-03-01,3,146,143,151,43,62,1873100.0,146
2024-03-01,4,60,56,63,26,33,2434800.0,60
2024-03-01,5,97,94,102,29,43,590000.0,97
2024-03-01,6,59,56,61,18,25,138400.0,59
2024-03-01,7,175,166,185,60,74,2377400.0,175
2024-03-01,8,34,31,36,13,18,1108900.0,34
2024-03-01,9,121,119,124,33,43,1384900.0,121
2024-03-01,10,53,52,56,17,21,2141600.0,53
2024-03-01,11,198,186,213,67,99,2638500.0,198
2024-03-01,12,96,90,102,41,55,1344100.0,96
2024-03-01,13,79,76,81,30,43,2839400.0,79
2024-03-01,14,165,157,172,66,82,6766200.0,165
2024-03-01,15,148,141,156,49,64,2113800.0,148
2024-03-01,16,149,137,154,39,56,8353600.0,149
2024-03-01,17,191,185,204,79,117,1068500.0,191
2024-03-01,18,124,117,130,55,67,819100.0,124
2024-03-01,19,153,150,158,42,54,4748300.0,153
2024-03-01,20,199,195,205,67,93,7252000.0,199
2024-03-01,21,176,170,181,76,109,1318100.0,176
2024-03-01,22,190,184,199,54,65,874500.0,190
2024-03-01,23,126,121,131,35,50,5142000.0,126
2024-03-01,24,36,35,37,14,20,1812200.0,36
2024-03-01,25,118,110,123,44,64,3981900.0,118
2024-03-01,26,84,83,86,24,34,299300.0,84
2024-03-01,27,88,85,91,31,43,3200500.0,88
2024-03-01,28,123,121,131,51,73,5230400.0,123
2024-03-01,29,120,112,124,40,54,2772100.0,120
2024-03-01,30,150,142,161,54,72,5132800.0,150
2024-03-01,31,129,124,138,35,47,1117600.0,129
2024-03-01,32,81,77,83,28,35,869500.0,81
2024-03-01,33,195,191,209,70,103,7427100.0,195
2024-03-01,34,173,167,178,46,67,843300.0,173
2024-03-01,35,191,182,203,58,85,2012600.0,191
2024-03-01,36,152,142,159,46,57,1599600.0,152
2024-03-01,37,85,84,92,24,30,1339900.0,85
2024-03-01,38,34,33,36,10,15,1207400.0,34
2024-03-01,39,174,162,186,78,108,5899700.0,174
2024-03-01,40,120,114,125,50,69,1727800.0,120
2024-03-01,41,84,79,86,28,41,3724000.0,84
2024-03-01,42,152,149,157,64,79,2028200.0,152
2024-03-01,43,131,127,137,35,44,6339700.0,131
2024-03-01,44,110,103,116,34,42,5211700.0,110
2024-03-01,45,68,63,72,20,26,800800.0,68
2024-03-01,46,44,42,46,15,21,998900.0,44
2024-03-01,47,198,187,203,78,112,4387500.0,198
2024-03-01,48,111,104,114,32,44,820600.0,111
2024-03-01,49,52,49,55,14,19,1663000.0,52
2024-03-01,50,117,110,121,43,60,2777500.0,117
2024-03-01,51,126,121,130,40,55,2646900.0,126
2024-03-01,52,77,71,82,32,39,3756500.0,77
2024-03-01,53,70,68,72,30,40,1756800.0,70
2024-03-01,54,199,184,207,87,119,8520400.0,199
2024-03-01,55,140,138,148,48,66,1237400.0,140
2024-03-01,56,39,37,41,11,14,1644000.0,39
2024-03-01,57,153,143,163,68,85,4832400.0,153
2024-03-01,58,129,125,132,57,80,2992600.0,129
2024-03-01,59,166,160,176,55,70,4897700.0,166
2024-03-01,60,83,82,88,36,51,3632900.0,83
2024-03-01,61,59,57,62,19,25,1907800.0,59
2024-03-01,62,161,156,172,61,77,5347200.0,161
2024-03-01,63,41,38,43,13,16,1585500.0,41
2024-03-01,64,126,118,131,48,69,2232600.0,126
2024-03-01,65,31,30,32,10,14,714000.0,31
2024-03-01,66,109,104,116,38,49,121100.0,109
2024-03-01,67,145,143,156,39,56,7289000.0,145
2024-03-01,68,118,112,127,36,47,2867000.0,118
2024-03-01,69,92,87,98,32,39,4511300.0,92
2024-03-01,70,99,95,105,44,59,4026700.0,99
2024-03-01,71,192,184,200,70,92,6006500.0,192
2024-03-01,72,42,41,44,17,21,827400.0,42
2024-03-01,73,71,68,74,27,36,1932100.0,71
2024-03-01,74,50,49,53,22,30,2478700.0,50
2024-03-01,75,175,170,185,56,72,3246300.0,175
2024-03-01,76,93,88,97,28,41,691500.0,93
2024-03-01,77,86,81,89,23,34,4134100.0,86
2024-03-01,78,131,126,138,39,54,1901300.0,131
2024-03-01,79,96,90,101,28,41,4894200.0,96
2024-03-01,80,97,89,103,40,56,485800.0,97
2024-03-01,81,87,80,90,29,40,3763600.0,87
2024-03-01,82,85,84,90,30,43,3493000.0,85
2024-03-01,83,99,92,102,44,66,3720900.0,99
2024-03-01,84,144,134,153,39,52,1226100.0,144
2024-03-01,85,113,106,121,36,46,5511600.0,113
2024-03-01,86,135,128,142,50,73,6297200.0,135
2024-03-01,87,92,85,96,33,48,3608900.0,92
2024-03-01,88,46,43,49,17,25,1602800.0,46
2024-03-01,89,121,112,129,35,51,6141900.0,121
2024-03-01,90,130,127,137,48,60,2709400.0,130
2024-03-01,91,190,184,199,48,71,5181000.0,190
2024-03-01,92,50,49,53,22,28,613100.0,50
2024-03-01,93,106,99,113,35,44,196200.0,106
2024-03-01,94,168,161,172,49,72,2012000.0,168
2024-03-01,95,134,125,142,37,54,163000.0,134
2024-03-01,96,147,138,152,43,53,560000.0,147
2024-03-01,97,199,189,210,70,99,10282000.0,199
2024-03-01,98,131,128,138,33,45,664300.0,131
2024-03-01,99,196,185,208,55,80,2951500.0,196
2024-03-01,100,179,177,184,74,91,2255100.0,179
2024-03-01,101,154,146,160,53,67,5296600.0,154
2024-03-01,102,83,81,85,25,36,2779700.0,83
2024-03-01,103,42,39,45,16,21,1712700.0,42
2024-03-01,104,76,72,79,32,47,759000.0,76
2024-03-01,105,81,75,87,30,38,2610600.0,81
2024-03-01,106,64,60,67,17,21,1302400.0,64
2024-03-01,107,35,33,36,12,15,1684300.0,35
2024-03-01,108,139,136,145,57,76,4924700.0,139
2024-03-01,109,152,146,158,63,80,976400.0,152
2024-03-01,110,74,70,77,19,28,2655300.0,74
2024-03-01,111,89,86,94,27,36,1161500.0,89
2024-03-01,112,85,80,91,35,42,2483400.0,85
2024-04-01,1,147,136,159,54,77,5648500.0,147
2024-04-01,2,34,31,36,15,21,1228400.0,34
2024-04-01,3,43,42,44,18,25,594200.0,43
2024-04-01,4,96,93,101,38,57,3757000.0,96
2024-04-01,5,151,146,160,47,60,751900.0,151
2024-04-01,6,183,180,189,55,72,496500.0,183
2024-04-01,7,88,84,95,25,35,1122700.0,88
2024-04-01,8,116,111,125,33,43,3341000.0,116
2024-04-01,9,179,174,186,59,80,2128300.0,179
2024-04-01,10,159,154,164,48,61,5524700.0,159
2024-04-01,11,176,171,180,51,63,1971500.0,176
2024-04-01,12,42,39,44,15,19,624500.0,42
2024-04-01,13,171,162,184,64,90,7586800.0,171
2024-04-01,14,48,46,49,20,26,1594200.0,48
2024-04-01,15,191,188,202,61,84,3033100.0,191
2024-04-01,16,94,91,97,29,43,5085600.0,94
2024-04-01,17,156,145,161,67,99,1033100.0,156
2024-04-01,18,93,87,97,26,34,529800.0,93
2024-04-01,19,66,61,68,25,35,2017900.0,66
2024-04-01,20,195,185,210,84,119,6695200.0,195
2024-04-01,21,168,164,173,52,67,1362600.0,168
2024-04-01,22,34,32,36,12,17,189600.0,34
2024-04-01,23,33,31,34,9,13,1500100.0,33
2024-04-01,24,126,123,134,33,47,5671600.0,126
2024-04-01,25,144,137,152,62,82,4617600.0,144
2024-04-01,26,83,77,89,33,44,259600.0,83
2024-04-01,27,145,143,152,59,74,5787200.0,145
2024-04-01,28,69,64,71,23,31,2873500.0,69
2024-04-01,29,184,171,195,67,99,3498100.0,184
2024-04-01,30,103,96,107,44,65,3439400.0,103
2024-04-01,31,40,37,42,16,23,368600.0,40
2024-04-01,32,141,132,149,58,81,1542700.0,141
2024-04-01,33,189,183,200,83,101,6889700.0,189
2024-04-01,34,115,111,122,29,41,518300.0,115
2024-04-01,35,79,74,81,30,43,694100.0,79
2024-04-01,36,99,95,106,29,42,836600.0,99
2024-04-01,37,194,180,208,52,75,3107000.0,194
2024-04-01,38,125,122,131,54,67,4468300.0,125
2024-04-01,39,69,68,73,25,37,2408700.0,69
2024-04-01,40,32,30,34,11,14,415700.0,32
2024-04-01,41,129,121,134,36,52,4875500.0,129
2024-04-01,42,129,120,139,56,76,1990900.0,129
2024-04-01,43,152,142,158,48,68,7182600.0,152
2024-04-01,44,132,124,142,53,76,5598900.0,132
2024-04-01,45,141,137,146,54,67,1554200.0,141
2024-04-01,46,141,138,145,41,49,3179100.0,141
2024-04-01,47,41,39,43,15,22,925100.0,41
2024-04-01,48,154,152,166,56,82,1382100.0,154
2024-04-01,49,53,51,56,15,21,1572900.0,53
2024-04-01,50,182,180,189,71,87,3897600.0,182
2024-04-01,51,80,74,84,21,31,1707500.0,80
2024-04-01,52,35,34,37,14,17,1787300.0,35
2024-04-01,53,80,78,84,23,30,2396900.0,80
2024-04-01,54,30,28,31,12,15,1323500.0,30
2024-04-01,55,90,86,92,29,41,886400.0,90
2024-04-01,56,187,174,199,75,91,7808000.0,187
2024-04-01,57,166,161,171,57,76,4995500.0,166
2024-04-01,58,88,82,93,38,56,1837700.0,88
2024-04-01,59,128,124,137,37,53,3574800.0,128
2024-04-01,60,51,49,54,22,33,2571600.0,51
2024-04-01,61,133,124,139,40,55,5387200.0,133
2024-04-01,62,57,52,58,16,22,1909200.0,57
2024-04-01,63,87,84,90,33,48,3684500.0,87
2024-04-01,64,87,82,90,35,50,1455400.0,87
2024-04-01,65,152,143,164,60,85,3510000.0,152
2024-04-01,66,153,146,157,40,57,181400.0,153
2024-04-01,67,178,166,188,78,106,9987100.0,178
2024-04-01,68,98,92,100,27,37,2983500.0,98
2024-04-01,69,59,56,62,16,24,2682900.0,59
2024-04-01,70,166,160,175,51,71,6873900.0,166
2024-04-01,71,34,34,36,10,13,1076300.0,34
2024-04-01,72,132,126,141,49,64,2911000.0,132
2024-04-01,73,65,61,67,24,33,2066400.0,65
2024-04-01,74,71,67,73,22,29,3583800.0,71
2024-04-01,75,143,139,153,52,72,2522400.0,143
2024-04-01,76,190,181,203,63,87,1435500.0,190
2024-04-01,77,46,45,49,15,18,1897000.0,46
2024-04-01,78,182,173,193,64,88,2554600.0,182
2024-04-01,79,176,165,182,78,98,8441800.0,176
2024-04-01,80,159,156,163,54,69,855900.0,159
2024-04-01,81,191,180,199,70,101,7524500.0,191
2024-04-01,82,127,119,134,32,41,4580500.0,127
2024-04-01,83,184,171,195,76,111,6238200.0,184
2024-04-01,84,73,68,78,19,25,775300.0,73
2024-04-01,85,40,38,41,15,18,2009000.0,40
2024-04-01,86,75,70,80,24,30,3586800.0,75
2024-04-01,87,172,169,181,50,70,6179700.0,172
2024-04-01,88,153,144,164,55,76,6164800.0,153
2024-04-01,89,97,95,103,26,34,5725000.0,97
2024-04-01,90,90,83,97,31,41,1624300.0,90
2024-04-01,91,30,28,32,12,17,717900.0,30
2024-04-01,92,181,178,193,58,73,2523000.0,181
2024-04-01,93,121,115,124,37,51,269100.0,121
2024-04-01,94,168,162,180,52,69,1939700.0,168
2024-04-01,95,152,150,163,58,79,183300.0,152
2024-04-01,96,194,189,198,73,92,752200.0,194
2024-04-01,97,61,56,63,19,28,2764500.0,61
2024-04-01,98,183,176,187,63,88,938700.0,183
2024-04-01,99,173,170,181,75,94,2964700.0,173
2024-04-01,100,126,117,134,34,50,1568600.0,126
2024-04-01,101,141,138,145,62,89,5041500.0,141
2024-04-01,102,76,71,78,23,34,2439400.0,76
2024-04-01,103,105,100,107,37,50,4279500.0,105
2024-04-01,104,168,158,179,55,70,1799400.0,168
2024-04-01,105,73,68,78,22,28,2272300.0,73
2024-04-01,106,50,49,52,20,25,1060800.0,50
2024-04-01,107,182,168,194,60,84,9269200.0,182
2024-04-01,108,47,46,50,14,20,1549800.0,47
2024-04-01,109,148,141,155,45,63,947100.0,148
2024-04-01,110,188,178,195,72,98,6742200.0,188
2024-04-01,111,179,173,184,75,93,2709900.0,179
2024-04-01,112,55,52,59,17,22,1432700.0,55
2024-05-01,1,47,43,51,17,24,1559800.0,47
2024-05-01,2,183,170,192,57,76,7712000.0,183
2024-05-01,3,193,180,206,60,88,2559400.0,193
2024-05-01,4,105,97,112,36,47,3623800.0,105
2024-05-01,5,176,168,182,74,102,860400.0,176
2024-05-01,6,89,85,94,26,32,217800.0,89
2024-05-01,7,51,50,52,15,22,634300.0,51
2024-05-01,8,183,181,191,47,63,5974300.0,183
2024-05-01,9,74,72,78,24,30,845800.0,74
2024-05-01,10,80,74,86,27,35,2689500.0,80
2024-05-01,11,76,71,81,25,36,880100.0,76
2024-05-01,12,113,110,119,46,62,1577600.0,113
2024-05-01,13,174,171,181,67,84,6683900.0,174
2024-05-01,14,127,121,135,43,56,4362200.0,127
2024-05-01,15,131,126,134,41,52,1971900.0,131
2024-05-01,16,180,173,186,59,85,8634400.0,180
2024-05-01,17,117,108,123,43,52,650000.0,117
2024-05-01,18,42,40,44,15,21,253900.0,42
2024-05-01,19,89,87,94,28,34,2599400.0,89
2024-05-01,20,182,173,191,78,98,6748500.0,182
2024-05-01,21,100,97,105,35,49,822100.0,100
2024-05-01,22,187,182,197,63,86,1032300.0,187
2024-05-01,23,155,146,165,50,68,7592000.0,155
2024-05-01,24,58,57,59,16,21,2788200.0,58
2024-05-01,25,167,161,179,70,102,5585800.0,167
2024-05-01,26,106,101,109,39,57,384700.0,106
2024-05-01,27,148,136,154,54,70,6797300.0,148
2024-05-01,28,114,111,122,47,59,5189600.0,114
2024-05-01,29,70,67,73,25,31,1531300.0,70
2024-05-01,30,193,178,203,61,81,6643600.0,193
2024-05-01,31,50,48,53,22,32,424300.0,50
2024-05-01,32,116,111,124,30,43,1429300.0,116
2024-05-01,33,176,170,181,48,64,5892200.0,176
2024-05-01,34,110,102,118,48,66,481100.0,110
2024-05-01,35,125,116,134,39,53,1308700.0,125
2024-05-01,36,148,146,151,62,80,1271600.0,148
2024-05-01,37,131,121,139,36,46,2004800.0,131
2024-05-01,38,32,30,34,9,12,1172700.0,32
2024-05-01,39,64,62,66,18,26,2090100.0,64
2024-05-01,40,45,44,47,16,20,579700.0,45
2024-05-01,41,61,56,63,26,34,2754100.0,61
2024-05-01,42,82,78,88,36,52,1234000.0,82
2024-05-01,43,82,78,86,36,44,4163900.0,82
2024-05-01,44,160,155,167,48,63,8005100.0,160
2024-05-01,45,45,44,48,16,24,604900.0,45
2024-05-01,46,140,130,148,43,60,2718800.0,140
2024-05-01,47,115,113,123,34,46,2645000.0,115
2024-05-01,48,118,115,121,38,48,1080200.0,118
2024-05-01,49,187,173,192,66,84,5416600.0,187
2024-05-01,50,146,135,150,54,81,3526300.0,146
2024-05-01,51,134,123,144,41,56,2829000.0,134
2024-05-01,52,95,89,102,37,45,5510300.0,95
2024-05-01,53,189,187,198,83,115,4829200.0,189
2024-05-01,54,167,164,177,52,75,6002900.0,167
2024-05-01,55,125,123,128,48,65,1019400.0,125
2024-05-01,56,84,77,86,28,37,3918300.0,84
2024-05-01,57,160,157,166,48,61,4657300.0,160
2024-05-01,58,178,167,185,52,63,3637100.0,178
2024-05-01,59,41,39,43,16,23,1215800.0,41
2024-05-01,60,185,178,196,46,58,8498400.0,185
2024-05-01,61,101,100,106,41,60,3904900.0,101
2024-05-01,62,119,110,126,50,72,4382700.0,119
2024-05-01,63,146,136,153,50,73,5185200.0,146
2024-05-01,64,138,135,149,62,89,2738300.0,138
2024-05-01,65,99,96,106,25,32,2175100.0,99
2024-05-01,66,158,154,170,56,71,176500.0,158
2024-05-01,67,196,191,211,58,74,9899000.0,196
2024-05-01,68,151,144,162,41,58,4247500.0,151
2024-05-01,69,189,186,203,60,81,9052900.0,189
2024-05-01,70,137,135,141,38,47,5800400.0,137
2024-05-01,71,72,71,77,19,28,2558200.0,72
2024-05-01,72,89,87,94,35,46,1802300.0,89
2024-05-01,73,31,29,32,8,11,899800.0,31
2024-05-01,74,181,177,188,66,82,8573000.0,181
2024-05-01,75,91,89,96,24,32,1672000.0,91
2024-05-01,76,55,54,59,15,19,411500.0,55
2024-05-01,77,37,36,39,13,19,1932800.0,37
2024-05-01,78,177,168,182,57,85,2573600.0,177
2024-05-01,79,66,62,67,27,38,3213900.0,66
2024-05-01,80,74,70,76,31,38,372700.0,74
2024-05-01,81,127,122,130,41,50,4877500.0,127
2024-05-01,82,169,160,179,48,71,6330000.0,169
2024-05-01,83,38,35,40,16,21,1441900.0,38
2024-05-01,84,64,59,67,21,29,543100.0,64
2024-05-01,85,116,110,123,30,37,5055000.0,116
2024-05-01,86,115,113,121,29,42,5492300.0,115
2024-05-01,87,148,137,158,38,51,5488300.0,148
2024-05-01,88,57,53,61,21,30,2158800.0,57
2024-05-01,89,49,47,51,14,17,2792100.0,49
2024-05-01,90,110,108,117,34,45,2038700.0,110
2024-05-01,91,156,145,161,64,95,3798100.0,156
2024-05-01,92,31,30,32,10,15,359800.0,31
2024-05-01,93,87,85,90,35,51,165800.0,87
2024-05-01,94,66,61,69,18,23,938200.0,66
2024-05-01,95,99,96,102,39,58,137100.0,99
2024-05-01,96,179,168,191,61,89,781900.0,179
2024-05-01,97,126,121,130,36,50,5857600.0,126
2024-05-01,98,54,51,56,18,25,255900.0,54
2024-05-01,99,106,103,108,47,58,1819700.0,106
2024-05-01,100,121,116,126,40,50,1328500.0,121
2024-05-01,101,200,186,215,71,105,6977800.0,200
2024-05-01,102,140,134,146,56,72,4451100.0,140
2024-05-01,103,167,164,173,60,86,7678400.0,167
2024-05-01,104,161,156,165,55,82,1922300.0,161
2024-05-01,105,158,151,164,48,65,5218800.0,158
2024-05-01,106,198,190,203,72,99,4556200.0,198
2024-05-01,107,188,184,193,63,76,8448100.0,188
2024-05-01,108,165,163,176,72,91,6104400.0,165
2024-05-01,109,190,177,196,60,76,1163000.0,190
2024-05-01,110,160,152,168,70,95,5657700.0,160
2024-05-01,111,176,174,184,54,68,2579200.0,176
2024-05-01,112,32,30,35,9,13,967400.0,32
2024-06-01,1,67,66,70,21,31,2443100.0,67
2024-06-01,2,30,28,31,11,14,1129300.0,30
2024-06-01,3,133,127,140,50,60,1679300.0,133
2024-06-01,4,175,173,180,48,69,5617700.0,175
2024-06-01,5,53,50,56,20,29,266200.0,53
2024-06-01,6,156,146,163,65,91,453200.0,156
2024-06-01,7,177,172,188,66,87,2212300.0,177
2024-06-01,8,116,109,125,51,76,4085900.0,116
2024-06-01,9,170,161,184,56,68,1703000.0,170
2024-06-01,10,182,178,196,64,90,6424600.0,182
2024-06-01,11,60,59,64,18,24,823200.0,60
2024-06-01,12,163,160,169,62,85,2437400.0,163
2024-06-01,13,96,91,99,35,50,3567000.0,96
2024-06-01,14,34,32,35,14,17,1229000.0,34
2024-06-01,15,112,109,116,37,49,1677200.0,112
2024-06-01,16,177,170,183,65,92,9789900.0,177
2024-06-01,17,140,133,149,38,52,826100.0,140
2024-06-01,18,194,188,207,76,103,1049900.0,194
2024-06-01,19,159,148,163,47,63,5680500.0,159
2024-06-01,20,103,102,106,44,55,4046800.0,103
2024-06-01,21,158,155,166,61,90,1166000.0,158
2024-06-01,22,121,117,125,38,56,571700.0,121
2024-06-01,23,146,134,152,41,50,6881600.0,146
2024-06-01,24,65,62,68,23,32,3385300.0,65
2024-06-01,25,190,177,201,60,82,5600000.0,190
2024-06-01,26,131,122,134,45,56,387600.0,131
2024-06-01,27,139,132,142,38,48,5250900.0,139
2024-06-01,28,52,48,55,21,26,2644200.0,52
2024-06-01,29,62,60,67,23,28,1159800.0,62
2024-06-01,30,37,36,38,13,17,1261900.0,37
2024-06-01,31,139,132,144,61,87,1384400.0,139
2024-06-01,32,96,90,102,43,56,1051800.0,96
2024-06-01,33,66,65,69,19,26,2409400.0,66
2024-06-01,34,36,33,37,11,14,177600.0,36
2024-06-01,35,190,188,205,59,86,1767900.0,190
2024-06-01,36,119,114,124,41,54,1033900.0,119
2024-06-01,37,111,108,118,31,41,1845900.0,111
2024-06-01,38,130,124,133,43,57,5149500.0,130
2024-06-01,39,119,117,127,52,76,4131200.0,119
2024-06-01,40,49,48,52,17,25,684200.0,49
2024-06-01,41,143,137,153,58,75,6091600.0,143
2024-06-01,42,50,48,53,19,25,663800.0,50
2024-06-01,43,57,56,59,21,31,3082700.0,57
2024-06-01,44,62,58,66,26,34,2760700.0,62
2024-06-01,45,137,134,146,49,73,1514100.0,137
2024-06-01,46,116,113,121,35,50,2415000.0,116
2024-06-01,47,121,113,129,31,41,3147800.0,121
2024-06-01,48,102,98,105,28,39,864200.0,102
2024-06-01,49,80,77,82,22,28,2524300.0,80
2024-06-01,50,139,130,144,54,78,3240800.0,139
2024-06-01,51,158,154,168,56,72,3685100.0,158
2024-06-01,52,167,154,174,50,72,8526700.0,167
2024-06-01,53,55,54,59,16,20,1649800.0,55
2024-06-01,54,109,102,116,29,41,4133800.0,109
2024-06-01,55,37,34,39,12,17,332900.0,37
2024-06-01,56,31,30,32,9,13,1354300.0,31
2024-06-01,57,159,151,172,46,56,5341300.0,159
2024-06-01,58,56,54,59,21,29,1297500.0,56
2024-06-01,59,50,46,52,22,28,1571700.0,50
2024-06-01,60,151,148,156,60,81,6260300.0,151
2024-06-01,61,149,145,157,39,56,5930400.0,149
2024-06-01,62,129,127,133,58,76,4951800.0,129
2024-06-01,63,43,42,45,16,21,1923400.0,43
2024-06-01,64,149,146,155,48,58,2530800.0,149
2024-06-01,65,82,81,85,26,32,1760300.0,82
2024-06-01,66,150,148,158,58,84,169700.0,150
2024-06-01,67,30,29,32,11,13,1448900.0,30
2024-06-01,68,58,57,60,15,21,1442800.0,58
2024-06-01,69,187,178,200,52,66,8871400.0,187
2024-06-01,70,180,174,188,62,89,8146300.0,180
2024-06-01,71,154,145,159,52,69,5472800.0,154
2024-06-01,72,31,29,32,8,11,641000.0,31
2024-06-01,73,120,114,129,31,39,3284000.0,120
2024-06-01,74,105,98,112,31,41,4745400.0,105
2024-06-01,75,61,58,62,27,37,1159300.0,61
2024-06-01,76,171,162,179,56,75,1123500.0,171
2024-06-01,77,143,138,149,48,68,6286000.0,143
2024-06-01,78,123,119,132,54,66,1476300.0,123
2024-06-01,79,59,58,63,24,32,2430200.0,59
2024-06-01,80,32,30,33,14,21,180200.0,32
2024-06-01,81,96,94,99,40,56,4371300.0,96
2024-06-01,82,188,180,194,52,71,7302400.0,188
2024-06-01,83,46,43,47,20,28,1666600.0,46
2024-06-01,84,49,48,51,14,17,453800.0,49
2024-06-01,85,48,45,51,19,27,2490700.0,48
2024-06-01,86,104,99,111,31,45,5476400.0,104
2024-06-01,87,114,107,120,31,40,4956400.0,114
2024-06-01,88,100,98,105,40,50,3817600.0,100
2024-06-01,89,179,175,192,49,66,9582300.0,179
2024-06-01,90,112,109,120,30,41,2056300.0,112
2024-06-01,91,144,142,150,39,50,3419700.0,144
2024-06-01,92,174,166,179,56,70,2395200.0,174
2024-06-01,93,193,178,205,71,89,420500.0,193
2024-06-01,94,34,32,36,11,16,491700.0,34
2024-06-01,95,101,96,106,28,37,130700.0,101
2024-06-01,96,36,34,37,13,16,140000.0,36
2024-06-01,97,97,94,102,44,63,4653000.0,97
2024-06-01,98,45,42,47,14,18,183900.0,45
2024-06-01,99,77,76,80,20,26,1292800.0,77
2024-06-01,100,147,142,153,42,53,1679500.0,147
2024-06-01,101,130,126,136,36,48,5095800.0,130
2024-06-01,102,106,105,111,36,45,3242900.0,106
2024-06-01,103,126,122,130,55,80,5537600.0,126
2024-06-01,104,116,108,122,50,67,1319500.0,116
2024-06-01,105,121,116,125,43,61,4617300.0,121
2024-06-01,106,185,171,199,72,104,4284000.0,185
2024-06-01,107,163,161,172,48,58,7200400.0,163
2024-06-01,108,124,121,128,40,48,4498400.0,124
2024-06-01,109,184,179,193,67,95,1237800.0,184
2024-06-01,110,113,109,118,50,72,4203800.0,113
2024-06-01,111,197,191,206,52,70,2808500.0,197
2024-06-01,112,148,141,154,45,60,3847900.0,148
2024-07-01,1,37,35,39,11,16,1262500.0,37
2024-07-01,2,133,129,137,53,66,5530900.0,133
2024-07-01,3,74,73,76,20,29,1004600.0,74
2024-07-01,4,124,120,130,46,69,4070600.0,124
2024-07-01,5,72,67,75,27,37,359300.0,72
2024-07-01,6,98,96,102,35,42,237200.0,98
2024-07-01,7,56,55,60,14,19,744000.0,56
2024-07-01,8,77,71,79,26,39,2533900.0,77
2024-07-01,9,170,157,184,73,92,1875800.0,170
2024-07-01,10,156,153,160,56,82,5790200.0,156
2024-07-01,11,34,33,36,9,13,417400.0,34
2024-07-01,12,40,39,42,18,23,572800.0,40
2024-07-01,13,77,73,81,23,30,3181500.0,77
2024-07-01,14,58,57,61,21,30,2133000.0,58
2024-07-01,15,91,90,93,27,37,1486200.0,91
2024-07-01,16,113,106,116,36,51,6187100.0,113
2024-07-01,17,170,160,181,50,69,967400.0,170
2024-07-01,18,70,69,73,25,31,459800.0,70
2024-07-01,19,60,59,62,23,30,2073500.0,60
2024-07-01,20,139,128,149,55,73,5610800.0,139
2024-07-01,21,73,69,75,28,37,504600.0,73
2024-07-01,22,155,145,165,57,69,826600.0,155
2024-07-01,23,159,156,166,66,87,7027600.0,159
2024-07-01,24,123,120,132,31,38,5115000.0,123
2024-07-01,25,56,54,60,16,19,1608500.0,56
2024-07-01,26,49,48,52,22,32,152100.0,49
2024-07-01,27,38,36,40,16,22,1446800.0,38
2024-07-01,28,70,66,72,20,24,2935100.0,70
2024-07-01,29,121,112,125,39,54,2409100.0,121
2024-07-01,30,45,42,48,13,17,1472400.0,45
2024-07-01,31,38,36,40,13,18,363800.0,38
2024-07-01,32,83,80,88,25,37,937000.0,83
2024-07-01,33,93,88,96,31,37,3524700.0,93
2024-07-01,34,118,113,126,53,67,503500.0,118
2024-07-01,35,98,95,100,42,51,1032800.0,98
2024-07-01,36,183,173,197,68,94,1914200.0,183
2024-07-01,37,60,56,65,20,24,891300.0,60
2024-07-01,38,180,170,185,78,103,6789300.0,180
2024-07-01,39,98,95,103,42,55,4014700.0,98
2024-07-01,40,55,53,57,19,27,640100.0,55
2024-07-01,41,125,117,131,55,80,5076200.0,125
2024-07-01,42,111,103,119,42,55,1611500.0,111
2024-07-01,43,66,64,71,22,29,3410100.0,66
2024-07-01,44,36,33,38,14,20,1843100.0,36
2024-07-01,45,110,108,114,32,45,1187600.0,110
2024-07-01,46,88,86,92,28,36,1997600.0,88
2024-07-01,47,65,60,69,20,28,1442000.0,65
2024-07-01,48,143,136,151,54,69,1209600.0,143
2024-07-01,49,62,59,66,26,32,1626100.0,62
2024-07-01,50,169,158,181,63,88,4129300.0,169
2024-07-01,51,168,164,177,67,100,3480800.0,168
2024-07-01,52,168,160,172,59,78,9063400.0,168
2024-07-01,53,83,81,88,31,46,2244200.0,83
2024-07-01,54,54,51,57,14,18,2293500.0,54
2024-07-01,55,200,188,209,52,71,1846100.0,200
2024-07-01,56,121,118,127,50,68,5692200.0,121
2024-07-01,57,112,109,119,39,52,3308200.0,112
2024-07-01,58,160,150,168,61,87,3229700.0,160
2024-07-01,59,85,83,90,27,35,2594300.0,85
2024-07-01,60,130,121,134,37,48,6328700.0,130
2024-07-01,61,166,155,177,64,89,5566700.0,166
2024-07-01,62,106,101,112,31,44,4222600.0,106
2024-07-01,63,195,180,209,55,69,8616900.0,195
2024-07-01,64,52,49,55,19,27,996400.0,52
2024-07-01,65,197,187,203,77,93,4553500.0,197
2024-07-01,66,30,28,32,10,15,37500.0,30
2024-07-01,67,122,116,126,42,54,5608700.0,122
2024-07-01,68,89,86,91,36,49,2292800.0,89
2024-07-01,69,81,78,83,23,33,3390000.0,81
2024-07-01,70,181,169,194,70,93,7189100.0,181
2024-07-01,71,165,153,173,42,55,5264300.0,165
2024-07-01,72,137,134,140,61,89,2726600.0,137
2024-07-01,73,85,82,90,27,33,2366900.0,85
2024-07-01,74,148,138,153,40,58,7509600.0,148
2024-07-01,75,87,84,90,37,47,1521700.0,87
2024-07-01,76,33,32,35,10,14,247600.0,33
2024-07-01,77,106,99,109,29,38,5438400.0,106
2024-07-01,78,103,96,110,35,47,1436700.0,103
2024-07-01,79,129,123,135,43,63,5352900.0,129
2024-07-01,80,83,81,88,24,36,485800.0,83
2024-07-01,81,139,136,146,59,73,6119800.0,139
2024-07-01,82,35,35,37,12,17,1323800.0,35
2024-07-01,83,106,103,108,30,41,3700500.0,106
2024-07-01,84,98,95,100,34,43,902300.0,98
2024-07-01,85,115,112,121,38,49,5430400.0,115
2024-07-01,86,32,30,34,13,17,1531900.0,32
2024-07-01,87,65,62,69,20,27,2434100.0,65
2024-07-01,88,141,137,146,54,81,4734700.0,141
2024-07-01,89,116,109,124,44,57,6489600.0,116
2024-07-01,90,98,91,102,30,39,2046100.0,98
2024-07-01,91,34,33,35,14,19,748600.0,34
2024-07-01,92,139,128,146,53,70,1591700.0,139
2024-07-01,93,86,82,93,30,38,175500.0,86
2024-07-01,94,131,127,134,52,76,1883100.0,131
2024-07-01,95,119,117,123,40,54,162900.0,119
2024-07-01,96,129,125,135,56,82,550900.0,129
2024-07-01,97,124,120,133,33,43,6000400.0,124
2024-07-01,98,185,178,199,52,70,895800.0,185
2024-07-01,99,177,173,181,63,82,2873500.0,177
2024-07-01,100,196,192,207,50,75,2298600.0,196
2024-07-01,101,139,128,149,41,52,5076900.0,139
2024-07-01,102,138,133,143,35,47,4216400.0,138
2024-07-01,103,84,77,88,33,48,3196900.0,84
2024-07-01,104,64,60,66,21,31,764700.0,64
2024-07-01,105,194,182,199,49,66,6863900.0,194
2024-07-01,106,159,151,164,64,90,3938300.0,159
2024-07-01,107,41,39,44,15,19,1967400.0,41
2024-07-01,108,73,71,77,31,42,2620900.0,73
2024-07-01,109,132,122,141,54,75,867100.0,132
2024-07-01,110,193,182,198,80,113,6719000.0,193
2024-07-01,111,195,191,204,76,93,2955400.0,195
2024-07-01,112,143,132,149,41,50,3710700.0,143
2024-08-01,1,71,68,77,30,36,2255900.0,71
2024-08-01,2,178,171,190,63,87,7345900.0,178
2024-08-01,3,175,171,188,61,83,2155500.0,175
2024-08-01,4,112,111,119,45,57,3660900.0,112
2024-08-01,5,31,30,33,10,13,166600.0,31
2024-08-01,6,104,97,107,40,54,302700.0,104
2024-08-01,7,90,89,92,36,54,1061000.0,90
2024-08-01,8,193,186,197,59,85,6414100.0,193
2024-08-01,9,137,130,148,51,62,1490300.0,137
2024-08-01,10,167,159,170,50,69,5764700.0,167
2024-08-01,11,99,93,106,39,50,1315900.0,99
2024-08-01,12,43,42,46,17,25,596200.0,43
2024-08-01,13,167,155,175,70,84,6991800.0,167
2024-08-01,14,194,182,200,53,78,7299000.0,194
2024-08-01,15,43,40,46,13,19,730900.0,43
2024-08-01,16,198,184,212,70,91,9347300.0,198
2024-08-01,17,144,140,148,38,52,825700.0,144
2024-08-01,18,191,180,200,50,60,1181500.0,191
2024-08-01,19,38,36,41,17,21,1131800.0,38
2024-08-01,20,68,65,72,23,29,2887600.0,68
2024-08-01,21,105,103,112,33,49,811000.0,105
2024-08-01,22,34,32,36,13,19,190800.0,34
2024-08-01,23,77,74,81,23,28,3439800.0,77
2024-08-01,24,138,136,146,54,79,6323600.0,138
2024-08-01,25,58,54,61,19,23,1599700.0,58
2024-08-01,26,64,63,66,18,22,225100.0,64
2024-08-01,27,74,73,77,28,41,2896200.0,74
2024-08-01,28,85,80,90,32,40,3643300.0,85
2024-08-01,29,163,158,175,70,86,2985300.0,163
2024-08-01,30,105,103,113,29,36,3907200.0,105
2024-08-01,31,85,81,87,23,34,890100.0,85
2024-08-01,32,147,139,150,53,68,1725200.0,147
2024-08-01,33,45,42,47,18,22,1860000.0,45
2024-08-01,34,105,98,109,44,65,469500.0,105
2024-08-01,35,120,113,127,40,54,1065300.0,120
2024-08-01,36,166,162,177,67,86,1384700.0,166
2024-08-01,37,92,90,98,28,41,1383300.0,92
2024-08-01,38,67,62,72,24,36,2321700.0,67
2024-08-01,39,124,116,132,41,61,5052300.0,124
2024-08-01,40,89,85,93,37,51,1180200.0,89
2024-08-01,41,165,157,174,46,63,7198500.0,165
2024-08-01,42,154,152,165,59,74,2437600.0,154
2024-08-01,43,95,89,100,27,40,4683900.0,95
2024-08-01,44,62,57,65,16,21,3194300.0,62
2024-08-01,45,179,170,185,57,79,2205800.0,179
2024-08-01,46,183,177,188,79,109,4373400.0,183
2024-08-01,47,170,159,177,61,82,4708300.0,170
2024-08-01,48,172,164,183,59,74,1560800.0,172
2024-08-01,49,141,130,145,42,53,4120700.0,141
2024-08-01,50,94,92,100,25,32,2206000.0,94
2024-08-01,51,78,77,82,22,27,1496900.0,78
2024-08-01,52,31,30,32,8,12,1721200.0,31
2024-08-01,53,132,123,140,53,65,3884700.0,132
2024-08-01,54,196,189,210,83,118,8035100.0,196
2024-08-01,55,85,80,87,30,41,727100.0,85
2024-08-01,56,192,188,201,49,68,7985000.0,192
2024-08-01,57,113,111,118,32,46,4005500.0,113
2024-08-01,58,64,60,65,24,34,1224200.0,64
2024-08-01,59,162,151,169,48,66,4609900.0,162
2024-08-01,60,139,132,150,38,56,6466500.0,139
2024-08-01,61,188,178,202,68,102,7305300.0,188
2024-08-01,62,38,37,41,13,16,1222000.0,38
2024-08-01,63,151,146,156,66,88,5925800.0,151
2024-08-01,64,55,54,58,17,23,1091400.0,55
2024-08-01,65,196,193,207,79,115,4082300.0,196
2024-08-01,66,93,91,97,28,40,100100.0,93
2024-08-01,67,48,46,50,18,26,2241000.0,48
2024-08-01,68,43,41,45,16,20,1318700.0,43
2024-08-01,69,119,110,124,48,69,5093900.0,119
2024-08-01,70,41,38,43,15,22,1883000.0,41
2024-08-01,71,48,46,50,14,19,1452200.0,48
2024-08-01,72,77,75,82,24,35,1493100.0,77
2024-08-01,73,185,170,192,62,83,5968500.0,185
2024-08-01,74,136,133,145,43,52,7394700.0,136
2024-08-01,75,31,30,32,10,14,568500.0,31
2024-08-01,76,150,145,162,58,84,1127900.0,150
2024-08-01,77,52,50,54,20,29,2488600.0,52
2024-08-01,78,50,47,52,22,27,722500.0,50
2024-08-01,79,172,168,181,55,75,7228600.0,172
2024-08-01,80,54,51,58,16,23,302000.0,54
2024-08-01,81,123,115,130,53,64,5340100.0,123
2024-08-01,82,151,139,157,56,82,6618200.0,151
2024-08-01,83,109,103,113,39,58,4313500.0,109
2024-08-01,84,93,89,99,33,41,954300.0,93
2024-08-01,85,36,35,38,12,15,1848200.0,36
2024-08-01,86,40,37,42,17,23,2140800.0,40
2024-08-01,87,101,97,107,26,35,4117500.0,101
2024-08-01,88,68,64,70,26,32,2842200.0,68
2024-08-01,89,102,99,108,30,38,5052500.0,102
2024-08-01,90,136,126,139,39,58,2646100.0,136
2024-08-01,91,35,33,37,9,13,843500.0,35
2024-08-01,92,40,38,43,14,21,451800.0,40
2024-08-01,93,73,67,77,20,28,135800.0,73
2024-08-01,94,191,188,198,56,69,2578300.0,191
2024-08-01,95,67,65,70,18,25,89100.0,67
2024-08-01,96,173,160,178,57,72,628800.0,173
2024-08-01,97,182,176,186,82,118,9132700.0,182
2024-08-01,98,70,65,73,26,35,285400.0,70
2024-08-01,99,152,150,158,46,62,2468100.0,152
2024-08-01,100,44,43,47,17,21,551500.0,44
2024-08-01,101,80,74,85,25,36,3334800.0,80
2024-08-01,102,176,166,182,54,79,5437600.0,176
2024-08-01,103,129,128,133,43,55,5665200.0,129
2024-08-01,104,177,167,181,52,63,2039900.0,177
2024-08-01,105,48,47,50,13,17,1717600.0,48
2024-08-01,106,144,133,155,51,62,3662200.0,144
2024-08-01,107,43,41,44,14,19,1744600.0,43
2024-08-01,108,41,38,43,16,22,1453300.0,41
2024-08-01,109,32,31,34,8,10,172800.0,32
2024-08-01,110,60,59,61,24,33,2136200.0,60
2024-08-01,111,64,59,66,18,23,986800.0,64
2024-08-01,112,124,119,132,40,58,3652400.0,124
2024-09-01,1,77,76,79,29,39,2352300.0,77
2024-09-01,2,148,140,158,52,67,5613500.0,148
2024-09-01,3,99,98,104,27,35,1317500.0,99
2024-09-01,4,184,173,191,58,79,6068700.0,184
2024-09-01,5,34,33,35,12,16,192800.0,34
2024-09-01,6,165,154,177,69,99,422500.0,165
2024-09-01,7,133,124,137,54,71,1497100.0,133
2024-09-01,8,187,179,194,62,75,6736300.0,187
2024-09-01,9,134,124,140,37,50,1345100.0,134
2024-09-01,10,32,30,34,9,12,1323600.0,32
2024-09-01,11,34,32,35,15,20,409200.0,34
2024-09-01,12,48,45,50,12,16,772900.0,48
2024-09-01,13,192,189,201,79,102,6954300.0,192
2024-09-01,14,164,156,168,45,57,5504400.0,164
2024-09-01,15,92,88,96,33,40,1377800.0,92
2024-09-01,16,97,94,101,26,38,5165100.0,97
2024-09-01,17,149,143,155,51,70,983800.0,149
2024-09-01,18,194,191,205,69,92,1232100.0,194
2024-09-01,19,106,104,111,31,40,3756200.0,106
2024-09-01,20,171,160,183,67,90,6872600.0,171
2024-09-01,21,173,165,182,43,60,1147500.0,173
2024-09-01,22,77,76,83,30,44,418000.0,77
2024-09-01,23,52,50,54,13,18,2336200.0,52
2024-09-01,24,71,65,74,25,32,3627200.0,71
2024-09-01,25,66,64,70,23,33,1869700.0,66
2024-09-01,26,174,172,182,53,67,584800.0,174
2024-09-01,27,64,60,68,26,38,2895100.0,64
2024-09-01,28,147,139,158,56,72,6600100.0,147
2024-09-01,29,90,87,96,27,37,1795000.0,90
2024-09-01,30,66,61,68,19,26,2117900.0,66
2024-09-01,31,30,28,32,9,13,284200.0,30
2024-09-01,32,105,98,113,37,45,1274100.0,105
2024-09-01,33,68,67,69,26,34,2444600.0,68
2024-09-01,34,51,48,53,16,24,213700.0,51
2024-09-01,35,143,135,151,53,65,1429400.0,143
2024-09-01,36,86,80,88,36,52,906000.0,86
2024-09-01,37,84,81,87,34,51,1328000.0,84
2024-09-01,38,68,67,71,23,29,2771800.0,68
2024-09-01,39,136,134,143,60,89,4871900.0,136
2024-09-01,40,106,103,108,44,53,1383900.0,106
2024-09-01,41,43,40,46,14,18,1901200.0,43
2024-09-01,42,107,99,111,42,51,1587900.0,107
2024-09-01,43,106,103,109,37,45,5330500.0,106
2024-09-01,44,141,134,150,50,66,6456900.0,141
2024-09-01,45,125,120,128,54,78,1331900.0,125
2024-09-01,46,40,37,42,16,22,832900.0,40
2024-09-01,47,133,131,142,58,82,3135900.0,133
2024-09-01,48,144,135,152,55,69,1194500.0,144
2024-09-01,49,85,84,90,31,42,2514400.0,85
2024-09-01,50,168,163,180,62,76,4009300.0,168
2024-09-01,51,159,151,168,59,76,3303500.0,159
2024-09-01,52,102,98,109,30,43,5762900.0,102
2024-09-01,53,141,133,145,56,84,3651600.0,141
2024-09-01,54,127,118,130,50,69,5662400.0,127
2024-09-01,55,166,162,170,70,86,1524900.0,166
2024-09-01,56,173,170,179,44,62,6752200.0,173
2024-09-01,57,145,138,154,63,79,5106100.0,145
2024-09-01,58,181,179,192,56,76,3481500.0,181
2024-09-01,59,193,180,201,66,89,5501600.0,193
2024-09-01,60,161,157,169,70,87,7297700.0,161
2024-09-01,61,194,186,204,61,83,7659000.0,194
2024-09-01,62,47,45,48,18,27,1592000.0,47
2024-09-01,63,95,91,99,30,43,3880400.0,95
2024-09-01,64,167,165,180,55,78,2989400.0,167
2024-09-01,65,139,135,147,51,73,3041800.0,139
2024-09-01,66,168,157,171,63,93,173300.0,168
2024-09-01,67,131,128,134,47,64,6187200.0,131
2024-09-01,68,51,48,52,14,18,1533900.0,51
2024-09-01,69,145,140,151,44,59,7413100.0,145
2024-09-01,70,132,124,141,42,57,5354700.0,132
2024-09-01,71,74,69,77,19,23,2432700.0,74
2024-09-01,72,116,111,124,48,70,2251900.0,116
2024-09-01,73,44,42,46,14,18,1172500.0,44
2024-09-01,74,95,93,98,38,52,4612300.0,95
2024-09-01,75,105,97,112,44,55,1834800.0,105
2024-09-01,76,166,164,169,67,97,1206700.0,166
2024-09-01,77,40,39,42,18,24,1668300.0,40
2024-09-01,78,189,178,203,53,67,2626800.0,189
2024-09-01,79,45,42,48,14,17,2160000.0,45
2024-09-01,80,166,155,179,67,86,809300.0,166
2024-09-01,81,98,95,100,40,56,4594200.0,98
2024-09-01,82,151,145,162,66,97,6731500.0,151
2024-09-01,83,64,63,67,18,23,2106300.0,64
2024-09-01,84,129,124,136,40,59,1222900.0,129
2024-09-01,85,120,117,125,47,61,5585100.0,120
2024-09-01,86,33,32,35,12,15,1590300.0,33
2024-09-01,87,34,33,36,13,18,1254300.0,34
2024-09-01,88,140,129,149,42,52,5813900.0,140
2024-09-01,89,41,40,44,13,18,2415000.0,41
2024-09-01,90,65,61,67,27,33,1230000.0,65
2024-09-01,91,109,101,113,40,53,2644800.0,109
2024-09-01,92,103,99,108,38,56,1185600.0,103
2024-09-01,93,109,101,117,43,64,234900.0,109
2024-09-01,94,70,65,74,28,35,928700.0,70
2024-09-01,95,194,186,202,68,101,230500.0,194
2024-09-01,96,137,128,145,40,60,538700.0,137
2024-09-01,97,194,183,204,76,108,8598400.0,194
2024-09-01,98,137,134,142,48,59,707000.0,137
2024-09-01,99,79,77,82,23,32,1270700.0,79
2024-09-01,100,194,191,199,52,75,2591200.0,194
2024-09-01,101,53,50,56,16,20,1992100.0,53
2024-09-01,102,122,119,129,41,56,4087000.0,122
2024-09-01,103,137,135,142,47,58,5948600.0,137
2024-09-01,104,60,57,63,22,33,712600.0,60
2024-09-01,105,88,84,94,23,32,3328700.0,88
2024-09-01,106,139,131,144,57,78,3311700.0,139
2024-09-01,107,44,43,46,18,27,2063300.0,44
2024-09-01,108,96,89,102,32,41,3214800.0,96
2024-09-01,109,164,152,175,69,94,1038500.0,164
2024-09-01,110,145,141,152,38,52,5402600.0,145
2024-09-01,111,184,170,194,60,90,2725800.0,184
2024-09-01,112,190,180,198,68,92,5564800.0,190
2024-10-01,1,143,136,150,60,89,5124800.0,143
2024-10-01,2,132,122,137,44,54,4746600.0,132
2024-10-01,3,191,186,202,72,94,2162300.0,191
2024-10-01,4,169,157,182,64,87,6337300.0,169
2024-10-01,5,197,192,202,79,114,960400.0,197
2024-10-01,6,155,143,162,61,89,416200.0,155
2024-10-01,7,60,55,63,18,26,758400.0,60
2024-10-01,8,66,63,70,20,26,2242600.0,66
2024-10-01,9,199,196,208,62,91,2478800.0,199
2024-10-01,10,92,89,94,32,43,3550500.0,92
2024-10-01,11,162,158,174,73,92,1944400.0,162
2024-10-01,12,144,133,151,43,53,2047400.0,144
2024-10-01,13,198,195,205,62,81,7149900.0,198
2024-10-01,14,111,106,119,36,50,4173300.0,111
2024-10-01,15,188,181,202,55,71,3126700.0,188
2024-10-01,16,97,90,101,34,43,5493700.0,97
2024-10-01,17,109,101,117,48,67,714200.0,109
2024-10-01,18,69,68,74,28,41,384000.0,69
2024-10-01,19,167,165,171,63,83,5981800.0,167
2024-10-01,20,166,160,177,61,81,7053100.0,166
2024-10-01,21,188,179,192,80,102,1557200.0,188
2024-10-01,22,190,178,199,59,78,955600.0,190
2024-10-01,23,105,97,112,31,44,4897800.0,105
2024-10-01,24,139,137,149,37,47,5976100.0,139
2024-10-01,25,111,106,118,39,49,3132700.0,111
2024-10-01,26,179,177,187,70,87,651300.0,179
2024-10-01,27,67,65,69,24,36,2950000.0,67
2024-10-01,28,83,80,85,35,45,3662100.0,83
2024-10-01,29,199,187,205,82,104,3931100.0,199
2024-10-01,30,126,123,134,33,43,4546200.0,126
2024-10-01,31,167,157,175,55,82,1731300.0,167
2024-10-01,32,106,100,111,36,46,1161100.0,106
2024-10-01,33,61,58,65,20,26,2061600.0,61
2024-10-01,34,190,181,202,83,115,874500.0,190
2024-10-01,35,143,132,146,40,50,1416700.0,143
2024-10-01,36,54,51,57,20,30,557500.0,54
2024-10-01,37,55,51,59,23,32,802500.0,55
2024-10-01,38,44,43,46,16,23,1743500.0,44
2024-10-01,39,103,95,111,38,54,3439100.0,103
2024-10-01,40,133,125,141,40,50,1890800.0,133
2024-10-01,41,68,65,73,22,33,2590100.0,68
2024-10-01,42,195,187,207,56,77,2695100.0,195
2024-10-01,43,126,120,129,50,75,5992400.0,126
2024-10-01,44,49,45,53,20,29,2165700.0,49
2024-10-01,45,38,35,41,10,14,511100.0,38
2024-10-01,46,98,94,103,26,39,2227300.0,98
2024-10-01,47,138,132,148,48,66,3034100.0,138
2024-10-01,48,151,148,160,48,67,1178800.0,151
2024-10-01,49,133,123,138,50,63,4122200.0,133
2024-10-01,50,119,110,124,39,51,3028300.0,119
2024-10-01,51,65,64,68,17,23,1327700.0,65
2024-10-01,52,62,59,63,23,33,3471400.0,62
2024-10-01,53,194,184,205,61,84,4897000.0,194
2024-10-01,54,76,73,80,32,41,2768500.0,76
2024-10-01,55,185,171,191,78,112,1778200.0,185
2024-10-01,56,112,103,115,46,60,4991600.0,112
2024-10-01,57,83,81,89,25,32,2778300.0,83
2024-10-01,58,170,161,175,61,83,3610600.0,170
2024-10-01,59,106,101,110,31,40,2926800.0,106
2024-10-01,60,126,122,134,41,55,5891600.0,126
2024-10-01,61,80,74,82,24,34,2885600.0,80
2024-10-01,62,162,154,173,47,58,6180100.0,162
2024-10-01,63,104,96,108,31,42,4108300.0,104
2024-10-01,64,54,52,55,19,25,900500.0,54
2024-10-01,65,55,53,58,24,29,1207700.0,55
2024-10-01,66,51,48,55,15,20,57900.0,51
2024-10-01,67,73,70,79,18,26,3390700.0,73
2024-10-01,68,146,135,154,48,65,3932100.0,146
2024-10-01,69,62,58,65,16,22,2979900.0,62
2024-10-01,70,30,28,31,11,14,1483400.0,30
2024-10-01,71,48,45,50,19,24,1532900.0,48
2024-10-01,72,43,40,44,19,25,844100.0,43
2024-10-01,73,195,189,203,76,107,6232300.0,195
2024-10-01,74,65,61,69,17,24,2816500.0,65
2024-10-01,75,134,128,138,36,47,2446300.0,134
2024-10-01,76,66,61,71,22,32,414000.0,66
2024-10-01,77,162,151,167,45,55,8477700.0,162
2024-10-01,78,89,87,94,26,33,1159300.0,89
2024-10-01,79,65,63,67,25,35,2707900.0,65
2024-10-01,80,49,45,51,17,21,271300.0,49
2024-10-01,81,79,74,81,23,30,3826500.0,79
2024-10-01,82,84,78,89,25,36,3360800.0,84
2024-10-01,83,102,96,105,29,38,3844200.0,102
2024-10-01,84,106,102,111,27,35,1016500.0,106
2024-10-01,85,139,130,143,36,52,7153100.0,139
2024-10-01,86,93,88,97,36,50,5186000.0,93
2024-10-01,87,92,86,97,35,46,3823100.0,92
2024-10-01,88,89,84,95,24,34,3798100.0,89
2024-10-01,89,133,126,138,56,72,7478000.0,133
2024-10-01,90,129,127,134,39,54,2358400.0,129
2024-10-01,91,136,129,140,47,70,3107400.0,136
2024-10-01,92,133,130,141,37,54,1799800.0,133
2024-10-01,93,99,97,103,39,55,196300.0,99
2024-10-01,94,173,166,184,75,93,2310100.0,173
2024-10-01,95,177,170,184,53,68,253400.0,177
2024-10-01,96,129,123,136,40,52,464200.0,129
2024-10-01,97,194,185,205,85,126,9897900.0,194
2024-10-01,98,170,167,177,50,70,769400.0,170
2024-10-01,99,114,109,119,44,53,1887800.0,114
2024-10-01,100,130,126,134,47,65,1476500.0,130
2024-10-01,101,185,180,197,75,92,6463500.0,185
2024-10-01,102,87,84,91,24,35,2706900.0,87
2024-10-01,103,80,77,82,24,32,3115400.0,80
2024-10-01,104,63,60,66,18,26,603600.0,63
2024-10-01,105,54,51,57,22,33,2091700.0,54
2024-10-01,106,34,33,35,13,18,712200.0,34
2024-10-01,107,61,60,64,18,26,2996600.0,61
2024-10-01,108,143,136,149,44,55,5253700.0,143
2024-10-01,109,192,179,206,59,84,1081600.0,192
2024-10-01,110,78,75,82,31,43,3260600.0,78
2024-10-01,111,191,188,195,63,86,2665700.0,191
2024-10-01,112,200,185,212,57,75,6358400.0,200
2024-11-01,1,104,100,107,35,52,3162200.0,104
2024-11-01,2,170,159,177,63,76,7473400.0,170
2024-11-01,3,57,53,61,21,26,763500.0,57
2024-11-01,4,93,89,96,34,49,3032500.0,93
2024-11-01,5,87,81,94,25,37,469200.0,87
2024-11-01,6,153,148,158,59,80,363100.0,153
2024-11-01,7,41,40,43,16,20,454000.0,41
2024-11-01,8,48,47,50,14,17,1461100.0,48
2024-11-01,9,169,157,176,75,103,2008300.0,169
2024-11-01,10,199,192,212,52,67,8190700.0,199
2024-11-01,11,71,70,73,25,36,865500.0,71
2024-11-01,12,136,134,142,49,59,2333700.0,136
2024-11-01,13,188,181,195,52,77,8119400.0,188
2024-11-01,14,96,92,102,30,41,3922200.0,96
2024-11-01,15,45,42,46,15,21,705600.0,45
2024-11-01,16,54,52,58,20,25,2776000.0,54
2024-11-01,17,45,42,48,12,17,253300.0,45
2024-11-01,18,156,145,167,63,77,976800.0,156
2024-11-01,19,34,34,35,12,18,1013300.0,34
2024-11-01,20,163,156,173,50,62,6876300.0,163
2024-11-01,21,147,144,153,41,55,1145100.0,147
2024-11-01,22,185,173,194,78,102,909700.0,185
2024-11-01,23,139,130,142,50,74,5468000.0,139
2024-11-01,24,193,184,204,53,79,8270300.0,193
2024-11-01,25,177,175,182,67,83,5213000.0,177
2024-11-01,26,42,39,43,18,23,124100.0,42
2024-11-01,27,182,176,196,52,63,7605300.0,182
2024-11-01,28,118,111,127,34,47,5685500.0,118
2024-11-01,29,49,45,52,15,21,910600.0,49
2024-11-01,30,149,143,157,56,76,5590900.0,149
2024-11-01,31,121,115,128,43,64,1168800.0,121
2024-11-01,32,44,41,45,20,28,502500.0,44
2024-11-01,33,145,137,154,48,63,5810300.0,145
2024-11-01,34,105,103,112,30,42,443300.0,105
2024-11-01,35,69,65,71,26,34,603800.0,69
2024-11-01,36,127,125,133,49,60,1301800.0,127
2024-11-01,37,197,194,202,58,87,2868500.0,197
2024-11-01,38,195,192,204,56,68,7536500.0,195
2024-11-01,39,143,139,147,36,54,5851300.0,143
2024-11-01,40,135,128,143,52,78,1865000.0,135
2024-11-01,41,55,52,58,14,19,2187100.0,55
2024-11-01,42,58,54,62,22,27,792100.0,58
2024-11-01,43,67,62,71,21,29,3231100.0,67
2024-11-01,44,69,66,72,26,36,2859600.0,69
2024-11-01,45,99,92,105,36,48,1280900.0,99
2024-11-01,46,88,83,94,34,50,1827800.0,88
2024-11-01,47,37,36,40,12,16,982200.0,37
2024-11-01,48,143,141,147,54,74,1299700.0,143
2024-11-01,49,31,30,32,8,11,936600.0,31
2024-11-01,50,155,149,158,62,84,3205200.0,155
2024-11-01,51,168,155,172,72,89,3467800.0,168
2024-11-01,52,114,107,117,36,51,6457700.0,114
2024-11-01,53,160,156,164,61,78,4458800.0,160
2024-11-01,54,146,137,157,40,48,5307600.0,146
2024-11-01,55,160,155,172,47,62,1517900.0,160
2024-11-01,56,157,155,165,62,75,7421900.0,157
2024-11-01,57,148,142,158,57,70,5114100.0,148
2024-11-01,58,188,183,200,56,83,3679200.0,188
2024-11-01,59,133,128,136,55,75,4216200.0,133
2024-11-01,60,156,152,165,49,70,7233300.0,156
2024-11-01,61,101,94,108,25,33,4090700.0,101
2024-11-01,62,175,169,186,56,70,6552700.0,175
2024-11-01,63,169,161,176,67,88,6651500.0,169
2024-11-01,64,91,85,97,30,44,1530400.0,91
2024-11-01,65,111,103,116,48,64,2660200.0,111
2024-11-01,66,106,102,112,29,37,105500.0,106
2024-11-01,67,101,94,107,38,47,5361900.0,101
2024-11-01,68,131,123,136,53,72,3947500.0,131
2024-11-01,69,112,109,120,40,56,4870400.0,112
2024-11-01,70,66,65,68,20,24,2629000.0,66
2024-11-01,71,50,48,51,14,18,1535000.0,50
2024-11-01,72,131,126,136,42,56,2899500.0,131
2024-11-01,73,179,176,187,75,103,5050900.0,179
2024-11-01,74,71,67,74,19,28,3231000.0,71
2024-11-01,75,198,184,211,76,98,3268500.0,198
2024-11-01,76,86,84,89,31,45,584000.0,86
2024-11-01,77,87,80,89,36,50,3967400.0,87
2024-11-01,78,188,181,197,51,66,2318300.0,188
2024-11-01,79,65,64,66,17,23,3350600.0,65
2024-11-01,80,75,74,78,22,28,398600.0,75
2024-11-01,81,184,172,197,77,102,8938000.0,184
2024-11-01,82,120,117,129,33,42,4501100.0,120
2024-11-01,83,41,39,44,17,20,1329000.0,41
2024-11-01,84,137,127,145,37,47,1229400.0,137
2024-11-01,85,125,120,131,43,59,5111000.0,125
2024-11-01,86,195,180,207,74,98,9698200.0,195
2024-11-01,87,77,75,80,30,39,3103100.0,77
2024-11-01,88,161,156,168,60,72,6063700.0,161
2024-11-01,89,189,185,194,47,68,9619500.0,189
2024-11-01,90,85,79,88,38,53,1724100.0,85
2024-11-01,91,166,162,172,54,72,3860000.0,166
2024-11-01,92,92,87,98,25,32,1239200.0,92
2024-11-01,93,80,77,85,22,27,163100.0,80
2024-11-01,94,157,149,164,53,65,1873600.0,157
2024-11-01,95,150,145,160,40,48,200400.0,150
2024-11-01,96,171,158,182,54,74,668700.0,171
2024-11-01,97,48,47,51,13,17,2410200.0,48
2024-11-01,98,130,124,137,57,69,619900.0,130
2024-11-01,99,152,147,157,45,56,2460000.0,152
2024-11-01,100,61,58,64,16,20,796200.0,61
2024-11-01,101,162,157,172,52,66,6264300.0,162
2024-11-01,102,51,48,52,16,19,1402300.0,51
2024-11-01,103,92,88,96,40,55,3887500.0,92
2024-11-01,104,68,67,72,18,22,728400.0,68
2024-11-01,105,183,177,192,60,83,5883400.0,183
2024-11-01,106,152,148,160,46,62,3550700.0,152
2024-11-01,107,157,149,166,67,87,6719900.0,157
2024-11-01,108,164,152,168,67,94,5247600.0,164
2024-11-01,109,129,126,133,43,55,769100.0,129
2024-11-01,110,86,84,90,35,47,3745200.0,86
2024-11-01,111,110,108,114,45,57,1698800.0,110
2024-11-01,112,123,119,128,49,68,3967100.0,123
2024-12-01,1,96,92,101,35,44,3119000.0,96
2024-12-01,2,177,166,184,49,63,7224800.0,177
2024-12-01,3,110,101,115,30,41,1324500.0,110
2024-12-01,4,166,164,178,46,64,6546600.0,166
2024-12-01,5,62,60,66,24,30,377400.0,62
2024-12-01,6,111,108,117,41,52,304300.0,111
2024-12-01,7,98,96,100,36,46,1320100.0,98
2024-12-01,8,198,187,202,55,69,7014800.0,198
2024-12-01,9,148,142,159,65,92,1766600.0,148
2024-12-01,10,31,29,32,11,15,1264500.0,31
2024-12-01,11,65,61,70,20,28,800500.0,65
2024-12-01,12,82,77,87,23,30,1282700.0,82
2024-12-01,13,66,64,68,25,37,2801400.0,66
2024-12-01,14,175,170,181,46,68,6522200.0,175
2024-12-01,15,143,132,148,54,76,2392300.0,143
2024-12-01,16,163,155,166,43,53,8877300.0,163
2024-12-01,17,68,63,73,18,26,442900.0,68
2024-12-01,18,104,99,108,34,43,693600.0,104
2024-12-01,19,169,158,182,49,71,5713100.0,169
2024-12-01,20,127,117,136,36,54,5000900.0,127
2024-12-01,21,133,127,142,36,45,872600.0,133
2024-12-01,22,115,111,119,50,73,634800.0,115
2024-12-01,23,183,170,193,59,78,8230400.0,183
2024-12-01,24,43,40,44,13,17,2204900.0,43
2024-12-01,25,174,171,181,72,107,5890800.0,174
2024-12-01,26,49,45,51,16,21,173500.0,49
2024-12-01,27,165,160,177,62,84,6078400.0,165
2024-12-01,28,164,159,173,66,94,7088200.0,164
2024-12-01,29,193,178,200,59,72,3914100.0,193
2024-12-01,30,160,151,170,67,84,5636000.0,160
2024-12-01,31,56,53,59,19,25,509800.0,56
2024-12-01,32,42,39,44,11,16,500700.0,42
2024-12-01,33,111,105,116,39,56,4218400.0,111
2024-12-01,34,39,36,42,10,15,195500.0,39
2024-12-01,35,198,184,213,70,96,2050600.0,198
2024-12-01,36,153,148,160,42,57,1405600.0,153
2024-12-01,37,162,160,166,59,79,2623400.0,162
2024-12-01,38,142,134,151,50,70,4808800.0,142
2024-12-01,39,46,44,47,14,17,1877800.0,46
2024-12-01,40,167,156,172,54,74,2195600.0,167
2024-12-01,41,138,130,147,50,64,6568000.0,138
2024-12-01,42,93,89,98,37,46,1275600.0,93
2024-12-01,43,132,128,135,57,80,6156600.0,132
2024-12-01,44,41,38,43,17,25,1881000.0,41
2024-12-01,45,154,148,159,64,92,1637600.0,154
2024-12-01,46,161,152,166,67,84,3683100.0,161
2024-12-01,47,140,135,150,41,53,3597800.0,140
2024-12-01,48,45,42,46,16,24,364700.0,45
2024-12-01,49,91,84,96,38,56,2332200.0,91
2024-12-01,50,174,171,179,69,83,4014200.0,174
2024-12-01,51,87,83,92,25,34,1880900.0,87
2024-12-01,52,146,144,157,40,59,7740300.0,146
2024-12-01,53,65,61,69,22,30,1740300.0,65
2024-12-01,54,30,29,31,10,12,1087200.0,30
2024-12-01,55,66,64,68,19,27,588300.0,66
2024-12-01,56,43,41,46,18,25,1793700.0,43
2024-12-01,57,150,139,159,65,92,4725300.0,150
2024-12-01,58,60,58,63,21,28,1315600.0,60
2024-12-01,59,141,133,147,57,75,3583400.0,141
2024-12-01,60,186,181,194,78,98,9104100.0,186
2024-12-01,61,34,31,36,10,15,1339900.0,34
2024-12-01,62,65,64,68,26,33,2349100.0,65
2024-12-01,63,81,80,84,34,47,3453100.0,81
2024-12-01,64,92,91,98,31,41,1630300.0,92
2024-12-01,65,92,87,98,29,42,2218700.0,92
2024-12-01,66,51,50,53,20,25,51400.0,51
2024-12-01,67,68,65,69,17,22,3565800.0,68
2024-12-01,68,83,80,89,36,50,2476000.0,83
2024-12-01,69,82,77,85,29,37,3795400.0,82
2024-12-01,70,52,50,53,19,25,2104600.0,52
2024-12-01,71,94,89,101,37,55,3430200.0,94
2024-12-01,72,129,126,137,38,47,2874700.0,129
2024-12-01,73,53,52,57,21,30,1506200.0,53
2024-12-01,74,123,114,129,38,52,5670900.0,123
2024-12-01,75,181,178,195,63,78,2849200.0,181
2024-12-01,76,38,37,40,14,17,249800.0,38
2024-12-01,77,42,39,45,14,17,1770800.0,42
2024-12-01,78,36,35,37,11,14,527600.0,36
2024-12-01,79,132,130,136,35,49,6505000.0,132
2024-12-01,80,90,85,94,34,43,500900.0,90
2024-12-01,81,81,79,83,21,30,3599000.0,81
2024-12-01,82,164,160,173,43,57,6082400.0,164
2024-12-01,83,30,29,31,12,18,978100.0,30
2024-12-01,84,194,192,201,76,98,1781700.0,194
2024-12-01,85,183,178,194,48,68,7579000.0,183
2024-12-01,86,97,94,103,32,39,5293800.0,97
2024-12-01,87,130,121,140,33,47,4722600.0,130
2024-12-01,88,65,63,68,17,25,2695300.0,65
2024-12-01,89,176,166,184,69,88,9212200.0,176
2024-12-01,90,30,29,32,9,13,666600.0,30
2024-12-01,91,52,48,54,19,24,1359500.0,52
2024-12-01,92,92,85,97,32,40,1152600.0,92
2024-12-01,93,158,149,162,57,85,345200.0,158
2024-12-01,94,65,63,69,22,29,914300.0,65
2024-12-01,95,195,180,207,65,87,254600.0,195
2024-12-01,96,55,53,58,23,28,221600.0,55
2024-12-01,97,85,81,88,31,46,4259900.0,85
2024-12-01,98,36,33,38,15,22,153000.0,36
2024-12-01,99,132,123,136,44,59,2053200.0,132
2024-12-01,100,161,148,171,47,65,1758000.0,161
2024-12-01,101,131,130,136,38,56,5192400.0,131
2024-12-01,102,167,165,170,51,70,5560200.0,167
2024-12-01,103,174,167,179,55,74,7224800.0,174
2024-12-01,104,141,133,149,49,63,1551400.0,141
2024-12-01,105,78,77,81,31,37,2443200.0,78
2024-12-01,106,48,47,52,15,21,1003200.0,48
2024-12-01,107,129,122,136,37,45,6394000.0,129
2024-12-01,108,181,179,194,77,101,5889400.0,181
2024-12-01,109,166,158,176,69,89,989100.0,166
2024-12-01,110,44,43,46,11,16,1583200.0,44
2024-12-01,111,99,95,105,35,47,1490800.0,99
2024-12-01,112,155,146,162,40,51,3965000.0,155
